"Keyword";"Found in";"Repeats";"Density";"Prominence","precio";"";"22";"2.29%";"69.24%"
"habitual";"";"21";"2.19%";"68.39%"
"productos";"D";"14";"1.46%";"48.47%"
"animal";"TD";"11";"1.15%";"43.23%"
"tendencia";"TD";"11";"1.15%";"43.33%"
"face";"";"11";"1.15%";"65.79%"
"dog";"";"11";"1.15%";"65.89%"
"política";"";"9";"0.94%";"46.65%"
"chaqueta";"";"9";"0.94%";"49.43%"
"para";"TD";"8";"0.83%";"74.50%"
"chaleco";"";"8";"0.83%";"72.38%"
"los";"";"7";"0.73%";"38.79%"
"calidad";"D";"7";"0.73%";"32.43%"
"carrito";"";"7";"0.73%";"91.91%"
"con";"";"6";"0.63%";"53.58%"
"pedido";"";"6";"0.63%";"49.13%"
"atención";"";"6";"0.63%";"26.05%"
"pero";"";"6";"0.63%";"37.68%"
"comprar";"";"6";"0.63%";"60.78%"
"envíos";"";"5";"0.52%";"35.79%"
"contacto";"";"5";"0.52%";"59.79%"
"sus";"";"5";"0.52%";"31.87%"
"suelo";"";"5";"0.52%";"34.10%"
"valencia";"";"5";"0.52%";"34.31%"
"recomendable";"";"5";"0.52%";"36.93%"
"pawlenciaga";"";"5";"0.52%";"57.62%"
"todo";"";"5";"0.52%";"41.90%"
"mascota";"D";"5";"0.52%";"63.17%"
"suéter";"";"5";"0.52%";"67.61%"
"ofertas";"";"4";"0.42%";"51.90%"
"nosotros";"";"4";"0.42%";"49.82%"
"por";"";"4";"0.42%";"22.26%"
"estos";"";"4";"0.42%";"42.21%"
"buena";"";"4";"0.42%";"33.32%"
"utilidad";"";"4";"0.42%";"65.75%"
"regalo";"";"4";"0.42%";"56.91%"
"menú";"";"4";"0.42%";"96.72%"
"pay";"";"3";"0.31%";"0.63%"
"express";"";"3";"0.31%";"63.16%"
"nuestra";"";"3";"0.31%";"12.37%"
"servicio";"";"3";"0.31%";"37.57%"
"cookies";"";"3";"0.31%";"64.34%"
"trabaja";"";"3";"0.31%";"64.23%"
"sobre";"";"3";"0.31%";"27.88%"
"localizar";"";"3";"0.31%";"64.69%"
"gratis";"";"3";"0.31%";"37.05%"
"envío";"";"3";"0.31%";"65.87%"
"cliente";"";"3";"0.31%";"25.34%"
"máxima";"D";"3";"0.31%";"26.49%"
"castellon";"";"3";"0.31%";"32.74%"
"cumplido";"";"3";"0.31%";"32.85%"
"juan";"";"3";"0.31%";"32.95%"
"pena";"";"3";"0.31%";"33.06%"
"merece";"";"3";"0.31%";"33.26%"
"encantó";"";"3";"0.31%";"33.37%"
"hice";"";"3";"0.31%";"33.58%"
"reseñas";"";"3";"0.31%";"34.10%"
"dejar";"";"3";"0.31%";"34.20%"
"forner";"";"3";"0.31%";"34.62%"
"isabel";"";"3";"0.31%";"34.72%"
"maria";"";"3";"0.31%";"34.83%"
"tienen";"";"3";"0.31%";"34.93%"
"artículo";"";"3";"0.31%";"35.14%"
"mejor";"D";"3";"0.31%";"35.25%"
"parece";"";"3";"0.31%";"35.45%"
"encanta";"";"3";"0.31%";"36.08%"
"bilbao";"";"3";"0.31%";"36.50%"
"lópez";"";"3";"0.31%";"36.60%"
"paula";"";"3";"0.31%";"36.70%"
"increibles";"";"3";"0.31%";"36.91%"
"son";"";"3";"0.31%";"37.02%"
"sitio";"";"3";"0.31%";"37.12%"
"ningún";"";"3";"0.31%";"37.23%"
"encuentras";"";"3";"0.31%";"37.43%"
"verdad";"";"3";"0.31%";"38.06%"
"como";"";"3";"0.31%";"42.37%"
"tarjeta";"";"3";"0.31%";"57.77%"
"regala";"";"3";"0.31%";"53.49%"
"las";"";"3";"0.31%";"79.35%"
"tactic";"";"3";"0.31%";"67.05%"
"champion";"";"3";"0.31%";"68.09%"
"camiseta";"";"3";"0.31%";"68.20%"
"puppy";"";"3";"0.31%";"68.61%"
"ventas";"";"3";"0.31%";"87.00%"
"top";"";"3";"0.31%";"87.10%"
"ahora";"";"3";"0.31%";"81.40%"
"cortavientos";"";"3";"0.31%";"79.08%"
"mascotas";"TD";"3";"0.31%";"95.17%"
"ingresar";"";"3";"0.31%";"91.94%"
"ropa";"TD";"3";"0.31%";"95.97%"
"debutify";"";"2";"0.21%";"1.56%"
"theme";"";"2";"0.21%";"1.72%"
"shopify";"";"2";"0.21%";"1.82%"
"entrada";"";"2";"0.21%";"9.85%"
"bandeja";"";"2";"0.21%";"10.06%"
"directamente";"";"2";"0.21%";"10.38%"
"nuevos";"";"2";"0.21%";"10.79%"
"promociones";"";"2";"0.21%";"10.90%"
"newsletter";"";"2";"0.21%";"11.00%"
"facebook";"";"2";"0.21%";"43.27%"
"legal";"";"2";"0.21%";"49.43%"
"aviso";"";"2";"0.21%";"49.53%"
"términos";"";"2";"0.21%";"49.84%"
"privacidad";"";"2";"0.21%";"50.57%"
"reembolso";"";"2";"0.21%";"50.89%"
"búsqueda";"";"2";"0.21%";"51.30%"
"todos";"D";"2";"0.21%";"44.42%"
"clientes";"";"2";"0.21%";"12.67%"
"una";"";"2";"0.21%";"42.86%"
"devoluciones";"";"2";"0.21%";"15.38%"
"días";"";"2";"0.21%";"46.40%"
"madrid";"";"2";"0.21%";"31.18%"
"rojas";"";"2";"0.21%";"31.28%"
"laura";"";"2";"0.21%";"31.39%"
"compré";"";"2";"0.21%";"32.22%"
"mucho";"";"2";"0.21%";"33.06%"
"llamó";"";"2";"0.21%";"33.16%"
"internet";"";"2";"0.21%";"33.47%"
"josé";"";"2";"0.21%";"34.10%"
"maría";"";"2";"0.21%";"34.20%"
"navidades";"";"2";"0.21%";"34.31%"
"estas";"";"2";"0.21%";"34.41%"
"repetiré";"";"2";"0.21%";"34.52%"
"duda";"";"2";"0.21%";"34.62%"
"sin";"";"2";"0.21%";"34.72%"
"muy";"";"2";"0.21%";"34.93%"
"rápidos";"";"2";"0.21%";"35.25%"
"esperaba";"";"2";"0.21%";"35.45%"
"llegó";"";"2";"0.21%";"35.66%"
"semanas";"";"2";"0.21%";"36.08%"
"hace";"";"2";"0.21%";"36.29%"
"tienda";"D";"2";"0.21%";"36.39%"
"esta";"D";"2";"0.21%";"36.50%"
"pedí";"";"2";"0.21%";"36.70%"
"toledo";"";"2";"0.21%";"36.81%"
"corona";"";"2";"0.21%";"36.91%"
"jaime";"";"2";"0.21%";"37.02%"
"gran";"";"2";"0.21%";"37.75%"
"sorprendo";"";"2";"0.21%";"39.00%"
"compro";"";"2";"0.21%";"39.52%"
"siempre";"";"2";"0.21%";"39.73%"
"ver";"";"2";"0.21%";"74.66%"
"monster";"";"2";"0.21%";"66.79%"
"militar";"";"2";"0.21%";"66.89%"
"cleopatra";"";"2";"0.21%";"67.41%"
"sudadera";"";"2";"0.21%";"68.14%"
"más";"";"2";"0.21%";"78.31%"
"usar";"";"2";"0.21%";"85.51%"
"pupreme";"";"2";"0.21%";"83.63%"
"tuitear";"";"2";"0.21%";"81.80%"
"compartir";"";"2";"0.21%";"82.22%"
"cama";"";"2";"0.21%";"87.96%"
"buscar";"";"2";"0.21%";"93.95%"
"cuidados";"";"2";"0.21%";"93.64%"
"juguetes";"";"2";"0.21%";"93.95%"
"inicio";"";"2";"0.21%";"94.79%"
"cerrar";"";"2";"0.21%";"96.35%","Keyword";"Found in";"Repeats";"Density";"Prominence","precio habitual";"";"21";"4.38%";"68.39%"
"habitual 760";"";"17";"3.55%";"67.58%"
"tendencia animal";"TD";"11";"2.29%";"43.23%"
"dog face";"";"11";"2.29%";"65.79%"
"política de";"";"9";"1.88%";"46.54%"
"the dog";"";"8";"1.67%";"77.19%"
"no suelo";"";"5";"1.04%";"34.10%"
"valencia no";"";"5";"1.04%";"34.20%"
"la chaqueta";"";"5";"1.04%";"34.58%"
"760 chaleco";"";"5";"1.04%";"66.84%"
"760 suéter";"";"5";"1.04%";"67.61%"
"productos y";"";"4";"0.83%";"24.43%"
"con nosotros";"";"3";"0.63%";"64.03%"
"trabaja con";"";"3";"0.63%";"64.13%"
"mi pedido";"";"3";"0.63%";"64.48%"
"localizar mi";"";"3";"0.63%";"64.58%"
"al cliente";"";"3";"0.63%";"25.34%"
"atención al";"";"3";"0.63%";"25.44%"
"cumplido castellon";"";"3";"0.63%";"32.74%"
"juan cumplido";"";"3";"0.63%";"32.85%"
"pena juan";"";"3";"0.63%";"32.95%"
"la pena";"";"3";"0.63%";"33.06%"
"merece la";"";"3";"0.63%";"33.16%"
"encantó merece";"";"3";"0.63%";"33.26%"
"me encantó";"";"3";"0.63%";"33.37%"
"hice me";"";"3";"0.63%";"33.47%"
"que hice";"";"3";"0.63%";"33.58%"
"pedido que";"";"3";"0.63%";"33.68%"
"el pedido";"";"3";"0.63%";"33.79%"
"pero el";"";"3";"0.63%";"33.89%"
"reseñas pero";"";"3";"0.63%";"33.99%"
"dejar reseñas";"";"3";"0.63%";"34.10%"
"suelo dejar";"";"3";"0.63%";"34.20%"
"forner valencia";"";"3";"0.63%";"34.52%"
"isabel forner";"";"3";"0.63%";"34.62%"
"maria isabel";"";"3";"0.63%";"34.72%"
"tienen maria";"";"3";"0.63%";"34.83%"
"que tienen";"";"3";"0.63%";"34.93%"
"artículo que";"";"3";"0.63%";"35.04%"
"mejor artículo";"";"3";"0.63%";"35.14%"
"el mejor";"";"3";"0.63%";"35.25%"
"parece el";"";"3";"0.63%";"35.35%"
"me parece";"";"3";"0.63%";"35.45%"
"face me";"";"3";"0.63%";"35.56%"
"chaqueta dog";"";"3";"0.63%";"35.77%"
"encanta la";"";"3";"0.63%";"35.97%"
"me encanta";"";"3";"0.63%";"36.08%"
"bilbao a";"";"3";"0.63%";"36.39%"
"lópez bilbao";"";"3";"0.63%";"36.50%"
"paula lópez";"";"3";"0.63%";"36.60%"
"recomendable paula";"";"3";"0.63%";"36.70%"
"increibles recomendable";"";"3";"0.63%";"36.81%"
"son increibles";"";"3";"0.63%";"36.91%"
"sitio son";"";"3";"0.63%";"37.02%"
"ningún sitio";"";"3";"0.63%";"37.12%"
"en ningún";"";"3";"0.63%";"37.23%"
"encuentras en";"";"3";"0.63%";"37.33%"
"los encuentras";"";"3";"0.63%";"37.43%"
"no los";"";"3";"0.63%";"37.54%"
"productos no";"";"3";"0.63%";"37.64%"
"estos productos";"";"3";"0.63%";"37.75%"
"que estos";"";"3";"0.63%";"37.85%"
"verdad que";"";"3";"0.63%";"37.96%"
"la verdad";"";"3";"0.63%";"38.06%"
"de sus";"";"3";"0.63%";"44.60%"
"en tendencia";"";"3";"0.63%";"50.75%"
"habitual 633";"";"3";"0.63%";"66.74%"
"tactic precio";"";"3";"0.63%";"66.94%"
"chaleco tactic";"";"3";"0.63%";"67.05%"
"eight precio";"";"3";"0.63%";"67.47%"
"suéter eight";"";"3";"0.63%";"67.57%"
"champion precio";"";"3";"0.63%";"67.99%"
"camiseta champion";"";"3";"0.63%";"68.09%"
"760 camiseta";"";"3";"0.63%";"68.20%"
"puppy precio";"";"3";"0.63%";"68.51%"
"chaleco puppy";"";"3";"0.63%";"68.61%"
"top ventas";"";"3";"0.63%";"87.00%"
"comprar ahora";"";"3";"0.63%";"81.40%"
"shopify theme";"";"2";"0.42%";"1.72%"
"de entrada";"";"2";"0.42%";"9.85%"
"bandeja de";"";"2";"0.42%";"9.96%"
"tu bandeja";"";"2";"0.42%";"10.06%"
"directamente a";"";"2";"0.42%";"10.27%"
"ofertas directamente";"";"2";"0.42%";"10.38%"
"y ofertas";"";"2";"0.42%";"10.48%"
"nuevos productos";"";"2";"0.42%";"10.69%"
"promociones nuevos";"";"2";"0.42%";"10.79%"
"newsletter promociones";"";"2";"0.42%";"10.90%"
"nuestra newsletter";"";"2";"0.42%";"11.00%"
"a nuestra";"";"2";"0.42%";"11.11%"
"aviso legal";"";"2";"0.42%";"49.43%"
"servicio aviso";"";"2";"0.42%";"49.53%"
"de servicio";"";"2";"0.42%";"49.64%"
"términos de";"";"2";"0.42%";"49.74%"
"envíos términos";"";"2";"0.42%";"49.84%"
"de envíos";"";"2";"0.42%";"49.95%"
"cookies política";"";"2";"0.42%";"50.16%"
"de cookies";"";"2";"0.42%";"50.26%"
"privacidad política";"";"2";"0.42%";"50.47%"
"de privacidad";"";"2";"0.42%";"50.57%"
"reembolso política";"";"2";"0.42%";"50.78%"
"de reembolso";"";"2";"0.42%";"50.89%"
"contacto política";"";"2";"0.42%";"51.09%"
"búsqueda contacto";"";"2";"0.42%";"51.20%"
"todos los";"";"2";"0.42%";"44.32%"
"gratis a";"";"2";"0.42%";"50.21%"
"sus clientes";"";"2";"0.42%";"12.67%"
"a sus";"";"2";"0.42%";"12.77%"
"días de";"";"2";"0.42%";"46.30%"
"madrid la";"";"2";"0.42%";"31.07%"
"rojas madrid";"";"2";"0.42%";"31.18%"
"laura rojas";"";"2";"0.42%";"31.28%"
"cliente laura";"";"2";"0.42%";"31.39%"
"buena atención";"";"2";"0.42%";"31.70%"
"y buena";"";"2";"0.42%";"31.80%"
"máxima y";"";"2";"0.42%";"31.91%"
"calidad máxima";"";"2";"0.42%";"32.01%"
"compré calidad";"";"2";"0.42%";"32.12%"
"la compré";"";"2";"0.42%";"32.22%"
"pawlenciaga y";"";"2";"0.42%";"32.43%"
"chaqueta pawlenciaga";"";"2";"0.42%";"32.53%"
"atención la";"";"2";"0.42%";"32.74%"
"la atención";"";"2";"0.42%";"32.85%"
"mucho la";"";"2";"0.42%";"32.95%"
"llamó mucho";"";"2";"0.42%";"33.06%"
"me llamó";"";"2";"0.42%";"33.16%"
"pero me";"";"2";"0.42%";"33.26%"
"internet pero";"";"2";"0.42%";"33.37%"
"por internet";"";"2";"0.42%";"33.47%"
"comprar por";"";"2";"0.42%";"33.58%"
"suelo comprar";"";"2";"0.42%";"33.68%"
"josé valencia";"";"2";"0.42%";"33.99%"
"maría josé";"";"2";"0.42%";"34.10%"
"navidades maría";"";"2";"0.42%";"34.20%"
"estas navidades";"";"2";"0.42%";"34.31%"
"repetiré estas";"";"2";"0.42%";"34.41%"
"duda repetiré";"";"2";"0.42%";"34.52%"
"sin duda";"";"2";"0.42%";"34.62%"
"buena sin";"";"2";"0.42%";"34.72%"
"muy buena";"";"2";"0.42%";"34.83%"
"calidad muy";"";"2";"0.42%";"34.93%"
"y calidad";"";"2";"0.42%";"35.04%"
"rápidos y";"";"2";"0.42%";"35.14%"
"envíos rápidos";"";"2";"0.42%";"35.25%"
"esperaba envíos";"";"2";"0.42%";"35.35%"
"como esperaba";"";"2";"0.42%";"35.45%"
"llegó como";"";"2";"0.42%";"35.56%"
"me llegó";"";"2";"0.42%";"35.66%"
"todo me";"";"2";"0.42%";"35.77%"
"y todo";"";"2";"0.42%";"35.87%"
"semanas y";"";"2";"0.42%";"35.97%"
"3 semanas";"";"2";"0.42%";"36.08%"
"hace 3";"";"2";"0.42%";"36.18%"
"tienda hace";"";"2";"0.42%";"36.29%"
"esta tienda";"";"2";"0.42%";"36.39%"
"en esta";"";"2";"0.42%";"36.50%"
"pedí en";"";"2";"0.42%";"36.60%"
"toledo pedí";"";"2";"0.42%";"36.70%"
"corona toledo";"";"2";"0.42%";"36.81%"
"jaime corona";"";"2";"0.42%";"36.91%"
"recomendable jaime";"";"2";"0.42%";"37.02%"
"100 recomendable";"";"2";"0.42%";"37.12%"
"mascota 100";"";"2";"0.42%";"37.23%"
"mi mascota";"";"2";"0.42%";"37.33%"
"con mi";"";"2";"0.42%";"37.43%"
"utilidad con";"";"2";"0.42%";"37.54%"
"gran utilidad";"";"2";"0.42%";"37.64%"
"su gran";"";"2";"0.42%";"37.75%"
"todo de";"";"2";"0.42%";"37.96%"
"sobre todo";"";"2";"0.42%";"38.06%"
"y sobre";"";"2";"0.42%";"38.16%"
"sus productos";"";"2";"0.42%";"38.37%"
"calidad de";"";"2";"0.42%";"38.58%"
"la calidad";"";"2";"0.42%";"38.69%"
"sorprendo de";"";"2";"0.42%";"38.89%"
"me sorprendo";"";"2";"0.42%";"39.00%"
"animal me";"";"2";"0.42%";"39.10%"
"compro en";"";"2";"0.42%";"39.42%"
"que compro";"";"2";"0.42%";"39.52%"
"siempre que";"";"2";"0.42%";"39.62%"
"castellon siempre";"";"2";"0.42%";"39.73%"
"tarjeta regalo";"";"2";"0.42%";"56.67%"
"regalo de";"";"2";"0.42%";"57.04%"
"monster precio";"";"2";"0.42%";"66.68%"
"militar monster";"";"2";"0.42%";"66.79%"
"chaqueta militar";"";"2";"0.42%";"66.89%"
"760 chaqueta";"";"2";"0.42%";"67.00%"
"cleopatra precio";"";"2";"0.42%";"67.31%"
"suéter cleopatra";"";"2";"0.42%";"67.41%"
"13 precio";"";"2";"0.42%";"67.83%"
"pawlenciaga 13";"";"2";"0.42%";"67.94%"
"sudadera pawlenciaga";"";"2";"0.42%";"68.04%"
"760 sudadera";"";"2";"0.42%";"68.14%"
"20 precio";"";"2";"0.42%";"68.46%"
"face 20";"";"2";"0.42%";"68.56%"
"chaqueta the";"";"2";"0.42%";"68.87%"
"633 chaqueta";"";"2";"0.42%";"68.98%"
"tu mascota";"";"2";"0.42%";"82.53%"
"chaleco the";"";"2";"0.42%";"85.61%"
"para mascotas";"TD";"2";"0.42%";"93.01%"
"nosotros ingresar";"";"2";"0.42%";"92.49%"
"contacto trabaja";"";"2";"0.42%";"92.81%"
"pedido contacto";"";"2";"0.42%";"92.91%"
"ofertas localizar";"";"2";"0.42%";"93.22%"
"ventas ofertas";"";"2";"0.42%";"93.33%"
"cuidados top";"";"2";"0.42%";"93.53%"
"y cuidados";"";"2";"0.42%";"93.64%"
"utilidad y";"";"2";"0.42%";"93.74%"
"juguetes utilidad";"";"2";"0.42%";"93.85%"
"ropa juguetes";"";"2";"0.42%";"93.95%"
"express ropa";"";"2";"0.42%";"94.06%"
"envío express";"";"2";"0.42%";"94.16%"
"productos envío";"";"2";"0.42%";"94.26%"
"inicio productos";"";"2";"0.42%";"94.68%"
"carrito de";"";"2";"0.42%";"92.91%"
"cerrar carrito";"";"2";"0.42%";"96.25%"
"menú productos";"";"2";"0.42%";"98.28%","Keyword";"Found in";"Repeats";"Density";"Prominence","precio habitual 760";"";"17";"5.32%";"67.58%"
"the dog face";"";"8";"2.50%";"77.09%"
"valencia no suelo";"";"5";"1.56%";"34.10%"
"habitual 760 chaleco";"";"5";"1.56%";"66.84%"
"habitual 760 suéter";"";"5";"1.56%";"67.61%"
"trabaja con nosotros";"";"3";"0.94%";"64.03%"
"localizar mi pedido";"";"3";"0.94%";"64.48%"
"atención al cliente";"";"3";"0.94%";"25.34%"
"juan cumplido castellon";"";"3";"0.94%";"32.74%"
"pena juan cumplido";"";"3";"0.94%";"32.85%"
"la pena juan";"";"3";"0.94%";"32.95%"
"merece la pena";"";"3";"0.94%";"33.06%"
"encantó merece la";"";"3";"0.94%";"33.16%"
"me encantó merece";"";"3";"0.94%";"33.26%"
"hice me encantó";"";"3";"0.94%";"33.37%"
"que hice me";"";"3";"0.94%";"33.47%"
"pedido que hice";"";"3";"0.94%";"33.58%"
"el pedido que";"";"3";"0.94%";"33.68%"
"pero el pedido";"";"3";"0.94%";"33.79%"
"reseñas pero el";"";"3";"0.94%";"33.89%"
"dejar reseñas pero";"";"3";"0.94%";"33.99%"
"suelo dejar reseñas";"";"3";"0.94%";"34.10%"
"no suelo dejar";"";"3";"0.94%";"34.20%"
"forner valencia no";"";"3";"0.94%";"34.41%"
"isabel forner valencia";"";"3";"0.94%";"34.52%"
"maria isabel forner";"";"3";"0.94%";"34.62%"
"tienen maria isabel";"";"3";"0.94%";"34.72%"
"que tienen maria";"";"3";"0.94%";"34.83%"
"artículo que tienen";"";"3";"0.94%";"34.93%"
"mejor artículo que";"";"3";"0.94%";"35.04%"
"el mejor artículo";"";"3";"0.94%";"35.14%"
"parece el mejor";"";"3";"0.94%";"35.25%"
"me parece el";"";"3";"0.94%";"35.35%"
"face me parece";"";"3";"0.94%";"35.45%"
"dog face me";"";"3";"0.94%";"35.56%"
"chaqueta dog face";"";"3";"0.94%";"35.66%"
"la chaqueta dog";"";"3";"0.94%";"35.77%"
"encanta la chaqueta";"";"3";"0.94%";"35.87%"
"me encanta la";"";"3";"0.94%";"35.97%"
"mi me encanta";"";"3";"0.94%";"36.08%"
"bilbao a mi";"";"3";"0.94%";"36.29%"
"lópez bilbao a";"";"3";"0.94%";"36.39%"
"paula lópez bilbao";"";"3";"0.94%";"36.50%"
"recomendable paula lópez";"";"3";"0.94%";"36.60%"
"increibles recomendable paula";"";"3";"0.94%";"36.70%"
"son increibles recomendable";"";"3";"0.94%";"36.81%"
"sitio son increibles";"";"3";"0.94%";"36.91%"
"ningún sitio son";"";"3";"0.94%";"37.02%"
"en ningún sitio";"";"3";"0.94%";"37.12%"
"encuentras en ningún";"";"3";"0.94%";"37.23%"
"los encuentras en";"";"3";"0.94%";"37.33%"
"no los encuentras";"";"3";"0.94%";"37.43%"
"productos no los";"";"3";"0.94%";"37.54%"
"estos productos no";"";"3";"0.94%";"37.64%"
"que estos productos";"";"3";"0.94%";"37.75%"
"verdad que estos";"";"3";"0.94%";"37.85%"
"la verdad que";"";"3";"0.94%";"37.96%"
"en tendencia animal";"";"3";"0.94%";"50.64%"
"precio habitual 633";"";"3";"0.94%";"66.74%"
"tactic precio habitual";"";"3";"0.94%";"66.84%"
"chaleco tactic precio";"";"3";"0.94%";"66.94%"
"760 chaleco tactic";"";"3";"0.94%";"67.05%"
"eight precio habitual";"";"3";"0.94%";"67.36%"
"suéter eight precio";"";"3";"0.94%";"67.47%"
"760 suéter eight";"";"3";"0.94%";"67.57%"
"champion precio habitual";"";"3";"0.94%";"67.88%"
"camiseta champion precio";"";"3";"0.94%";"67.99%"
"760 camiseta champion";"";"3";"0.94%";"68.09%"
"habitual 760 camiseta";"";"3";"0.94%";"68.20%"
"puppy precio habitual";"";"3";"0.94%";"68.40%"
"chaleco puppy precio";"";"3";"0.94%";"68.51%"
"bandeja de entrada";"";"2";"0.63%";"9.85%"
"tu bandeja de";"";"2";"0.63%";"9.96%"
"a tu bandeja";"";"2";"0.63%";"10.06%"
"directamente a tu";"";"2";"0.63%";"10.17%"
"ofertas directamente a";"";"2";"0.63%";"10.27%"
"y ofertas directamente";"";"2";"0.63%";"10.38%"
"productos y ofertas";"";"2";"0.63%";"10.48%"
"nuevos productos y";"";"2";"0.63%";"10.58%"
"promociones nuevos productos";"";"2";"0.63%";"10.69%"
"newsletter promociones nuevos";"";"2";"0.63%";"10.79%"
"nuestra newsletter promociones";"";"2";"0.63%";"10.90%"
"a nuestra newsletter";"";"2";"0.63%";"11.00%"
"servicio aviso legal";"";"2";"0.63%";"49.43%"
"de servicio aviso";"";"2";"0.63%";"49.53%"
"términos de servicio";"";"2";"0.63%";"49.64%"
"envíos términos de";"";"2";"0.63%";"49.74%"
"de envíos términos";"";"2";"0.63%";"49.84%"
"política de envíos";"";"2";"0.63%";"49.95%"
"cookies política de";"";"2";"0.63%";"50.05%"
"de cookies política";"";"2";"0.63%";"50.16%"
"política de cookies";"";"2";"0.63%";"50.26%"
"privacidad política de";"";"2";"0.63%";"50.36%"
"de privacidad política";"";"2";"0.63%";"50.47%"
"política de privacidad";"";"2";"0.63%";"50.57%"
"reembolso política de";"";"2";"0.63%";"50.68%"
"de reembolso política";"";"2";"0.63%";"50.78%"
"política de reembolso";"";"2";"0.63%";"50.89%"
"contacto política de";"";"2";"0.63%";"50.99%"
"búsqueda contacto política";"";"2";"0.63%";"51.09%"
"a sus clientes";"";"2";"0.63%";"12.67%"
"madrid la verdad";"";"2";"0.63%";"30.97%"
"rojas madrid la";"";"2";"0.63%";"31.07%"
"laura rojas madrid";"";"2";"0.63%";"31.18%"
"cliente laura rojas";"";"2";"0.63%";"31.28%"
"al cliente laura";"";"2";"0.63%";"31.39%"
"buena atención al";"";"2";"0.63%";"31.60%"
"y buena atención";"";"2";"0.63%";"31.70%"
"máxima y buena";"";"2";"0.63%";"31.80%"
"calidad máxima y";"";"2";"0.63%";"31.91%"
"compré calidad máxima";"";"2";"0.63%";"32.01%"
"la compré calidad";"";"2";"0.63%";"32.12%"
"y la compré";"";"2";"0.63%";"32.22%"
"pawlenciaga y la";"";"2";"0.63%";"32.33%"
"chaqueta pawlenciaga y";"";"2";"0.63%";"32.43%"
"la chaqueta pawlenciaga";"";"2";"0.63%";"32.53%"
"atención la chaqueta";"";"2";"0.63%";"32.64%"
"la atención la";"";"2";"0.63%";"32.74%"
"mucho la atención";"";"2";"0.63%";"32.85%"
"llamó mucho la";"";"2";"0.63%";"32.95%"
"me llamó mucho";"";"2";"0.63%";"33.06%"
"pero me llamó";"";"2";"0.63%";"33.16%"
"internet pero me";"";"2";"0.63%";"33.26%"
"por internet pero";"";"2";"0.63%";"33.37%"
"comprar por internet";"";"2";"0.63%";"33.47%"
"suelo comprar por";"";"2";"0.63%";"33.58%"
"no suelo comprar";"";"2";"0.63%";"33.68%"
"josé valencia no";"";"2";"0.63%";"33.89%"
"maría josé valencia";"";"2";"0.63%";"33.99%"
"navidades maría josé";"";"2";"0.63%";"34.10%"
"estas navidades maría";"";"2";"0.63%";"34.20%"
"repetiré estas navidades";"";"2";"0.63%";"34.31%"
"duda repetiré estas";"";"2";"0.63%";"34.41%"
"sin duda repetiré";"";"2";"0.63%";"34.52%"
"buena sin duda";"";"2";"0.63%";"34.62%"
"muy buena sin";"";"2";"0.63%";"34.72%"
"calidad muy buena";"";"2";"0.63%";"34.83%"
"y calidad muy";"";"2";"0.63%";"34.93%"
"rápidos y calidad";"";"2";"0.63%";"35.04%"
"envíos rápidos y";"";"2";"0.63%";"35.14%"
"esperaba envíos rápidos";"";"2";"0.63%";"35.25%"
"como esperaba envíos";"";"2";"0.63%";"35.35%"
"llegó como esperaba";"";"2";"0.63%";"35.45%"
"me llegó como";"";"2";"0.63%";"35.56%"
"todo me llegó";"";"2";"0.63%";"35.66%"
"y todo me";"";"2";"0.63%";"35.77%"
"semanas y todo";"";"2";"0.63%";"35.87%"
"3 semanas y";"";"2";"0.63%";"35.97%"
"hace 3 semanas";"";"2";"0.63%";"36.08%"
"tienda hace 3";"";"2";"0.63%";"36.18%"
"esta tienda hace";"";"2";"0.63%";"36.29%"
"en esta tienda";"";"2";"0.63%";"36.39%"
"pedí en esta";"";"2";"0.63%";"36.50%"
"toledo pedí en";"";"2";"0.63%";"36.60%"
"corona toledo pedí";"";"2";"0.63%";"36.70%"
"jaime corona toledo";"";"2";"0.63%";"36.81%"
"recomendable jaime corona";"";"2";"0.63%";"36.91%"
"100 recomendable jaime";"";"2";"0.63%";"37.02%"
"mascota 100 recomendable";"";"2";"0.63%";"37.12%"
"mi mascota 100";"";"2";"0.63%";"37.23%"
"con mi mascota";"";"2";"0.63%";"37.33%"
"utilidad con mi";"";"2";"0.63%";"37.43%"
"gran utilidad con";"";"2";"0.63%";"37.54%"
"su gran utilidad";"";"2";"0.63%";"37.64%"
"de su gran";"";"2";"0.63%";"37.75%"
"todo de su";"";"2";"0.63%";"37.85%"
"sobre todo de";"";"2";"0.63%";"37.96%"
"y sobre todo";"";"2";"0.63%";"38.06%"
"productos y sobre";"";"2";"0.63%";"38.16%"
"sus productos y";"";"2";"0.63%";"38.27%"
"de sus productos";"";"2";"0.63%";"38.37%"
"calidad de sus";"";"2";"0.63%";"38.48%"
"la calidad de";"";"2";"0.63%";"38.58%"
"de la calidad";"";"2";"0.63%";"38.69%"
"sorprendo de la";"";"2";"0.63%";"38.79%"
"me sorprendo de";"";"2";"0.63%";"38.89%"
"animal me sorprendo";"";"2";"0.63%";"39.00%"
"tendencia animal me";"";"2";"0.63%";"39.10%"
"compro en tendencia";"";"2";"0.63%";"39.31%"
"que compro en";"";"2";"0.63%";"39.42%"
"siempre que compro";"";"2";"0.63%";"39.52%"
"castellon siempre que";"";"2";"0.63%";"39.62%"
"cumplido castellon siempre";"";"2";"0.63%";"39.73%"
"760 chaleco puppy";"";"2";"0.63%";"66.27%"
"monster precio habitual";"";"2";"0.63%";"66.58%"
"militar monster precio";"";"2";"0.63%";"66.68%"
"chaqueta militar monster";"";"2";"0.63%";"66.79%"
"760 chaqueta militar";"";"2";"0.63%";"66.89%"
"habitual 760 chaqueta";"";"2";"0.63%";"67.00%"
"cleopatra precio habitual";"";"2";"0.63%";"67.21%"
"suéter cleopatra precio";"";"2";"0.63%";"67.31%"
"760 suéter cleopatra";"";"2";"0.63%";"67.41%"
"13 precio habitual";"";"2";"0.63%";"67.73%"
"pawlenciaga 13 precio";"";"2";"0.63%";"67.83%"
"sudadera pawlenciaga 13";"";"2";"0.63%";"67.94%"
"760 sudadera pawlenciaga";"";"2";"0.63%";"68.04%"
"habitual 760 sudadera";"";"2";"0.63%";"68.14%"
"20 precio habitual";"";"2";"0.63%";"68.35%"
"face 20 precio";"";"2";"0.63%";"68.46%"
"dog face 20";"";"2";"0.63%";"68.56%"
"chaqueta the dog";"";"2";"0.63%";"68.77%"
"633 chaqueta the";"";"2";"0.63%";"68.87%"
"habitual 633 chaqueta";"";"2";"0.63%";"68.98%"
"chaleco the dog";"";"2";"0.63%";"85.51%"
"con nosotros ingresar";"";"2";"0.63%";"92.49%"
"contacto trabaja con";"";"2";"0.63%";"92.70%"
"pedido contacto trabaja";"";"2";"0.63%";"92.81%"
"mi pedido contacto";"";"2";"0.63%";"92.91%"
"ofertas localizar mi";"";"2";"0.63%";"93.12%"
"ventas ofertas localizar";"";"2";"0.63%";"93.22%"
"top ventas ofertas";"";"2";"0.63%";"93.33%"
"cuidados top ventas";"";"2";"0.63%";"93.43%"
"y cuidados top";"";"2";"0.63%";"93.53%"
"utilidad y cuidados";"";"2";"0.63%";"93.64%"
"juguetes utilidad y";"";"2";"0.63%";"93.74%"
"ropa juguetes utilidad";"";"2";"0.63%";"93.85%"
"express ropa juguetes";"";"2";"0.63%";"93.95%"
"envío express ropa";"";"2";"0.63%";"94.06%"
"productos envío express";"";"2";"0.63%";"94.16%","Keyword";"Found in";"Repeats";"Density";"Prominence","precio habitual 760 chaleco";"";"5";"2.09%";"66.84%"
"precio habitual 760 suéter";"";"5";"2.09%";"67.61%"
"pena juan cumplido castellon";"";"3";"1.25%";"32.74%"
"la pena juan cumplido";"";"3";"1.25%";"32.85%"
"merece la pena juan";"";"3";"1.25%";"32.95%"
"encantó merece la pena";"";"3";"1.25%";"33.06%"
"me encantó merece la";"";"3";"1.25%";"33.16%"
"hice me encantó merece";"";"3";"1.25%";"33.26%"
"que hice me encantó";"";"3";"1.25%";"33.37%"
"pedido que hice me";"";"3";"1.25%";"33.47%"
"el pedido que hice";"";"3";"1.25%";"33.58%"
"pero el pedido que";"";"3";"1.25%";"33.68%"
"reseñas pero el pedido";"";"3";"1.25%";"33.79%"
"dejar reseñas pero el";"";"3";"1.25%";"33.89%"
"suelo dejar reseñas pero";"";"3";"1.25%";"33.99%"
"no suelo dejar reseñas";"";"3";"1.25%";"34.10%"
"valencia no suelo dejar";"";"3";"1.25%";"34.20%"
"forner valencia no suelo";"";"3";"1.25%";"34.31%"
"isabel forner valencia no";"";"3";"1.25%";"34.41%"
"maria isabel forner valencia";"";"3";"1.25%";"34.52%"
"tienen maria isabel forner";"";"3";"1.25%";"34.62%"
"que tienen maria isabel";"";"3";"1.25%";"34.72%"
"artículo que tienen maria";"";"3";"1.25%";"34.83%"
"mejor artículo que tienen";"";"3";"1.25%";"34.93%"
"el mejor artículo que";"";"3";"1.25%";"35.04%"
"parece el mejor artículo";"";"3";"1.25%";"35.14%"
"me parece el mejor";"";"3";"1.25%";"35.25%"
"face me parece el";"";"3";"1.25%";"35.35%"
"dog face me parece";"";"3";"1.25%";"35.45%"
"chaqueta dog face me";"";"3";"1.25%";"35.56%"
"la chaqueta dog face";"";"3";"1.25%";"35.66%"
"encanta la chaqueta dog";"";"3";"1.25%";"35.77%"
"me encanta la chaqueta";"";"3";"1.25%";"35.87%"
"mi me encanta la";"";"3";"1.25%";"35.97%"
"a mi me encanta";"";"3";"1.25%";"36.08%"
"bilbao a mi me";"";"3";"1.25%";"36.18%"
"lópez bilbao a mi";"";"3";"1.25%";"36.29%"
"paula lópez bilbao a";"";"3";"1.25%";"36.39%"
"recomendable paula lópez bilbao";"";"3";"1.25%";"36.50%"
"increibles recomendable paula lópez";"";"3";"1.25%";"36.60%"
"son increibles recomendable paula";"";"3";"1.25%";"36.70%"
"sitio son increibles recomendable";"";"3";"1.25%";"36.81%"
"ningún sitio son increibles";"";"3";"1.25%";"36.91%"
"en ningún sitio son";"";"3";"1.25%";"37.02%"
"encuentras en ningún sitio";"";"3";"1.25%";"37.12%"
"los encuentras en ningún";"";"3";"1.25%";"37.23%"
"no los encuentras en";"";"3";"1.25%";"37.33%"
"productos no los encuentras";"";"3";"1.25%";"37.43%"
"estos productos no los";"";"3";"1.25%";"37.54%"
"que estos productos no";"";"3";"1.25%";"37.64%"
"verdad que estos productos";"";"3";"1.25%";"37.75%"
"la verdad que estos";"";"3";"1.25%";"37.85%"
"tactic precio habitual 633";"";"3";"1.25%";"66.74%"
"chaleco tactic precio habitual";"";"3";"1.25%";"66.84%"
"760 chaleco tactic precio";"";"3";"1.25%";"66.94%"
"habitual 760 chaleco tactic";"";"3";"1.25%";"67.05%"
"eight precio habitual 760";"";"3";"1.25%";"67.26%"
"suéter eight precio habitual";"";"3";"1.25%";"67.36%"
"760 suéter eight precio";"";"3";"1.25%";"67.47%"
"habitual 760 suéter eight";"";"3";"1.25%";"67.57%"
"champion precio habitual 760";"";"3";"1.25%";"67.78%"
"camiseta champion precio habitual";"";"3";"1.25%";"67.88%"
"760 camiseta champion precio";"";"3";"1.25%";"67.99%"
"habitual 760 camiseta champion";"";"3";"1.25%";"68.09%"
"precio habitual 760 camiseta";"";"3";"1.25%";"68.20%"
"puppy precio habitual 760";"";"3";"1.25%";"68.30%"
"chaleco puppy precio habitual";"";"3";"1.25%";"68.40%"
"tu bandeja de entrada";"";"2";"0.83%";"9.85%"
"a tu bandeja de";"";"2";"0.83%";"9.96%"
"directamente a tu bandeja";"";"2";"0.83%";"10.06%"
"ofertas directamente a tu";"";"2";"0.83%";"10.17%"
"y ofertas directamente a";"";"2";"0.83%";"10.27%"
"productos y ofertas directamente";"";"2";"0.83%";"10.38%"
"nuevos productos y ofertas";"";"2";"0.83%";"10.48%"
"promociones nuevos productos y";"";"2";"0.83%";"10.58%"
"newsletter promociones nuevos productos";"";"2";"0.83%";"10.69%"
"nuestra newsletter promociones nuevos";"";"2";"0.83%";"10.79%"
"a nuestra newsletter promociones";"";"2";"0.83%";"10.90%"
"de servicio aviso legal";"";"2";"0.83%";"49.43%"
"términos de servicio aviso";"";"2";"0.83%";"49.53%"
"envíos términos de servicio";"";"2";"0.83%";"49.64%"
"de envíos términos de";"";"2";"0.83%";"49.74%"
"política de envíos términos";"";"2";"0.83%";"49.84%"
"cookies política de envíos";"";"2";"0.83%";"49.95%"
"de cookies política de";"";"2";"0.83%";"50.05%"
"política de cookies política";"";"2";"0.83%";"50.16%"
"privacidad política de cookies";"";"2";"0.83%";"50.26%"
"de privacidad política de";"";"2";"0.83%";"50.36%"
"política de privacidad política";"";"2";"0.83%";"50.47%"
"reembolso política de privacidad";"";"2";"0.83%";"50.57%"
"de reembolso política de";"";"2";"0.83%";"50.68%"
"política de reembolso política";"";"2";"0.83%";"50.78%"
"contacto política de reembolso";"";"2";"0.83%";"50.89%"
"búsqueda contacto política de";"";"2";"0.83%";"50.99%"
"madrid la verdad que";"";"2";"0.83%";"30.87%"
"rojas madrid la verdad";"";"2";"0.83%";"30.97%"
"laura rojas madrid la";"";"2";"0.83%";"31.07%"
"cliente laura rojas madrid";"";"2";"0.83%";"31.18%"
"al cliente laura rojas";"";"2";"0.83%";"31.28%"
"atención al cliente laura";"";"2";"0.83%";"31.39%"
"buena atención al cliente";"";"2";"0.83%";"31.49%"
"y buena atención al";"";"2";"0.83%";"31.60%"
"máxima y buena atención";"";"2";"0.83%";"31.70%"
"calidad máxima y buena";"";"2";"0.83%";"31.80%"
"compré calidad máxima y";"";"2";"0.83%";"31.91%"
"la compré calidad máxima";"";"2";"0.83%";"32.01%"
"y la compré calidad";"";"2";"0.83%";"32.12%"
"pawlenciaga y la compré";"";"2";"0.83%";"32.22%"
"chaqueta pawlenciaga y la";"";"2";"0.83%";"32.33%"
"la chaqueta pawlenciaga y";"";"2";"0.83%";"32.43%"
"atención la chaqueta pawlenciaga";"";"2";"0.83%";"32.53%"
"la atención la chaqueta";"";"2";"0.83%";"32.64%"
"mucho la atención la";"";"2";"0.83%";"32.74%"
"llamó mucho la atención";"";"2";"0.83%";"32.85%"
"me llamó mucho la";"";"2";"0.83%";"32.95%"
"pero me llamó mucho";"";"2";"0.83%";"33.06%"
"internet pero me llamó";"";"2";"0.83%";"33.16%"
"por internet pero me";"";"2";"0.83%";"33.26%"
"comprar por internet pero";"";"2";"0.83%";"33.37%"
"suelo comprar por internet";"";"2";"0.83%";"33.47%"
"no suelo comprar por";"";"2";"0.83%";"33.58%"
"valencia no suelo comprar";"";"2";"0.83%";"33.68%"
"josé valencia no suelo";"";"2";"0.83%";"33.79%"
"maría josé valencia no";"";"2";"0.83%";"33.89%"
"navidades maría josé valencia";"";"2";"0.83%";"33.99%"
"estas navidades maría josé";"";"2";"0.83%";"34.10%"
"repetiré estas navidades maría";"";"2";"0.83%";"34.20%"
"duda repetiré estas navidades";"";"2";"0.83%";"34.31%"
"sin duda repetiré estas";"";"2";"0.83%";"34.41%"
"buena sin duda repetiré";"";"2";"0.83%";"34.52%"
"muy buena sin duda";"";"2";"0.83%";"34.62%"
"calidad muy buena sin";"";"2";"0.83%";"34.72%"
"y calidad muy buena";"";"2";"0.83%";"34.83%"
"rápidos y calidad muy";"";"2";"0.83%";"34.93%"
"envíos rápidos y calidad";"";"2";"0.83%";"35.04%"
"esperaba envíos rápidos y";"";"2";"0.83%";"35.14%"
"como esperaba envíos rápidos";"";"2";"0.83%";"35.25%"
"llegó como esperaba envíos";"";"2";"0.83%";"35.35%"
"me llegó como esperaba";"";"2";"0.83%";"35.45%"
"todo me llegó como";"";"2";"0.83%";"35.56%"
"y todo me llegó";"";"2";"0.83%";"35.66%"
"semanas y todo me";"";"2";"0.83%";"35.77%"
"3 semanas y todo";"";"2";"0.83%";"35.87%"
"hace 3 semanas y";"";"2";"0.83%";"35.97%"
"tienda hace 3 semanas";"";"2";"0.83%";"36.08%"
"esta tienda hace 3";"";"2";"0.83%";"36.18%"
"en esta tienda hace";"";"2";"0.83%";"36.29%"
"pedí en esta tienda";"";"2";"0.83%";"36.39%"
"toledo pedí en esta";"";"2";"0.83%";"36.50%"
"corona toledo pedí en";"";"2";"0.83%";"36.60%"
"jaime corona toledo pedí";"";"2";"0.83%";"36.70%"
"recomendable jaime corona toledo";"";"2";"0.83%";"36.81%"
"100 recomendable jaime corona";"";"2";"0.83%";"36.91%"
"mascota 100 recomendable jaime";"";"2";"0.83%";"37.02%"
"mi mascota 100 recomendable";"";"2";"0.83%";"37.12%"
"con mi mascota 100";"";"2";"0.83%";"37.23%"
"utilidad con mi mascota";"";"2";"0.83%";"37.33%"
"gran utilidad con mi";"";"2";"0.83%";"37.43%"
"su gran utilidad con";"";"2";"0.83%";"37.54%"
"de su gran utilidad";"";"2";"0.83%";"37.64%"
"todo de su gran";"";"2";"0.83%";"37.75%"
"sobre todo de su";"";"2";"0.83%";"37.85%"
"y sobre todo de";"";"2";"0.83%";"37.96%"
"productos y sobre todo";"";"2";"0.83%";"38.06%"
"sus productos y sobre";"";"2";"0.83%";"38.16%"
"de sus productos y";"";"2";"0.83%";"38.27%"
"calidad de sus productos";"";"2";"0.83%";"38.37%"
"la calidad de sus";"";"2";"0.83%";"38.48%"
"de la calidad de";"";"2";"0.83%";"38.58%"
"sorprendo de la calidad";"";"2";"0.83%";"38.69%"
"me sorprendo de la";"";"2";"0.83%";"38.79%"
"animal me sorprendo de";"";"2";"0.83%";"38.89%"
"tendencia animal me sorprendo";"";"2";"0.83%";"39.00%"
"en tendencia animal me";"";"2";"0.83%";"39.10%"
"compro en tendencia animal";"";"2";"0.83%";"39.21%"
"que compro en tendencia";"";"2";"0.83%";"39.31%"
"siempre que compro en";"";"2";"0.83%";"39.42%"
"castellon siempre que compro";"";"2";"0.83%";"39.52%"
"cumplido castellon siempre que";"";"2";"0.83%";"39.62%"
"juan cumplido castellon siempre";"";"2";"0.83%";"39.73%"
"760 chaleco puppy precio";"";"2";"0.83%";"66.16%"
"habitual 760 chaleco puppy";"";"2";"0.83%";"66.27%"
"monster precio habitual 760";"";"2";"0.83%";"66.48%"
"militar monster precio habitual";"";"2";"0.83%";"66.58%"
"chaqueta militar monster precio";"";"2";"0.83%";"66.68%"
"760 chaqueta militar monster";"";"2";"0.83%";"66.79%"
"habitual 760 chaqueta militar";"";"2";"0.83%";"66.89%"
"precio habitual 760 chaqueta";"";"2";"0.83%";"67.00%"
"cleopatra precio habitual 760";"";"2";"0.83%";"67.10%"
"suéter cleopatra precio habitual";"";"2";"0.83%";"67.21%"
"760 suéter cleopatra precio";"";"2";"0.83%";"67.31%"
"habitual 760 suéter cleopatra";"";"2";"0.83%";"67.41%"
"13 precio habitual 760";"";"2";"0.83%";"67.62%"
"pawlenciaga 13 precio habitual";"";"2";"0.83%";"67.73%"
"sudadera pawlenciaga 13 precio";"";"2";"0.83%";"67.83%"
"760 sudadera pawlenciaga 13";"";"2";"0.83%";"67.94%"
"habitual 760 sudadera pawlenciaga";"";"2";"0.83%";"68.04%"
"precio habitual 760 sudadera";"";"2";"0.83%";"68.14%"
"20 precio habitual 760";"";"2";"0.83%";"68.25%"
"face 20 precio habitual";"";"2";"0.83%";"68.35%"
"dog face 20 precio";"";"2";"0.83%";"68.46%"
"the dog face 20";"";"2";"0.83%";"68.56%"
"chaqueta the dog face";"";"2";"0.83%";"68.67%"
"633 chaqueta the dog";"";"2";"0.83%";"68.77%"
"habitual 633 chaqueta the";"";"2";"0.83%";"68.87%"
"precio habitual 633 chaqueta";"";"2";"0.83%";"68.98%"
"chaleco the dog face";"";"2";"0.83%";"85.40%"
"trabaja con nosotros ingresar";"";"2";"0.83%";"92.49%"
"contacto trabaja con nosotros";"";"2";"0.83%";"92.60%"
"pedido contacto trabaja con";"";"2";"0.83%";"92.70%"
"mi pedido contacto trabaja";"";"2";"0.83%";"92.81%"
"localizar mi pedido contacto";"";"2";"0.83%";"92.91%"
"ofertas localizar mi pedido";"";"2";"0.83%";"93.01%"
"ventas ofertas localizar mi";"";"2";"0.83%";"93.12%"
"top ventas ofertas localizar";"";"2";"0.83%";"93.22%"
"cuidados top ventas ofertas";"";"2";"0.83%";"93.33%"
"y cuidados top ventas";"";"2";"0.83%";"93.43%"
"utilidad y cuidados top";"";"2";"0.83%";"93.53%"
"juguetes utilidad y cuidados";"";"2";"0.83%";"93.64%"
"ropa juguetes utilidad y";"";"2";"0.83%";"93.74%"
"express ropa juguetes utilidad";"";"2";"0.83%";"93.85%"
"envío express ropa juguetes";"";"2";"0.83%";"93.95%"
"productos envío express ropa";"";"2";"0.83%";"94.06%"